hierarchy_code,channel,year,week_num,expected_sales_units,oo_placed
60001,Ecom,2026,25,241,0
60001,Ecom,2026,26,292,0
60001,Ecom,2026,27,240,24
60001,Ecom,2026,28,282,72
60001,Ecom,2026,29,255,72
60001,Ecom,2026,30,233,72
60001,Ecom,2026,31,200,72
60001,Ecom,2026,32,224,72
60001,Ecom,2026,33,187,72
60001,Ecom,2026,34,179,72
60001,Ecom,2026,35,162,72
60001,Ecom,2026,36,181,72
60001,Ecom,2026,37,131,48
60001,Ecom,2026,38,123,48
60001,Ecom,2026,39,129,48
60001,Ecom,2026,40,131,24
60001,Ecom,2026,41,96,24
60001,Ecom,2026,42,89,0
60001,Ecom,2026,43,85,0
60001,Ecom,2026,44,68,0
60001,Ecom,2026,45,59,0
60001,Ecom,2026,46,43,0
60001,Ecom,2026,47,40,0
60001,Ecom,2026,48,30,0
60001,Ecom,2026,49,30,0
60001,Ecom,2026,50,26,0
60001,Ecom,2026,51,22,0
60001,Ecom,2026,52,14,0
60001,Ecom,2027,1,18,0
60001,Ecom,2027,2,27,0
60001,Ecom,2027,3,30,0
60001,Ecom,2027,4,35,0
60001,Ecom,2027,5,38,0
60001,Ecom,2027,6,45,24
60001,Ecom,2027,7,60,24
60001,Ecom,2027,8,77,24
60001,Ecom,2027,9,74,24
60001,Ecom,2027,10,72,24
60001,Ecom,2027,11,95,24
60001,Ecom,2027,12,131,24
60001,Ecom,2027,13,107,24
60001,Ecom,2027,14,133,24
60001,Ecom,2027,15,167,24
60001,Ecom,2027,16,153,24
60001,Ecom,2027,17,195,24
60001,Ecom,2027,18,172,24
60001,Ecom,2027,19,233,24
60001,Ecom,2027,20,247,24
60001,Ecom,2027,21,267,24
60001,Ecom,2027,22,196,24
60001,Ecom,2027,23,232,24
60001,Ecom,2027,24,273,24
60001,Ecom,2027,25,241,24
60001,Ecom,2027,26,292,24
60001,Ecom,2027,27,240,24
60001,Ecom,2027,28,282,24
60001,Ecom,2027,29,255,24
60001,Ecom,2027,30,233,24
60001,Ecom,2027,31,200,24
60001,Ecom,2027,32,224,24
60001,Ecom,2027,33,187,24
60001,Ecom,2027,34,179,24
60001,Ecom,2027,35,162,24
60001,Ecom,2027,36,181,24
60001,Ecom,2027,37,131,24
60001,Ecom,2027,38,123,24
60001,Ecom,2027,39,129,24
60001,Ecom,2027,40,131,24
60001,Ecom,2027,41,96,0
60001,Ecom,2027,42,89,0
60001,Ecom,2027,43,85,0
60001,Ecom,2027,44,68,0
60001,Ecom,2027,45,59,0
60001,Ecom,2027,46,43,0
60001,Ecom,2027,47,40,0
60001,Ecom,2027,48,30,0
60001,Ecom,2027,49,30,0
60001,Ecom,2027,50,26,0
60001,Ecom,2027,51,22,0
60001,Ecom,2027,52,14,0
60001,Ecom,2028,1,18,0
60001,Ecom,2028,2,27,0
60001,Ecom,2028,3,30,0
60001,Ecom,2028,4,35,0
60001,Ecom,2028,5,38,0
60001,Ecom,2028,6,45,24
60001,Ecom,2028,7,60,24
60001,Ecom,2028,8,77,24
60001,Ecom,2028,9,74,24
60001,Ecom,2028,10,72,24
60001,Ecom,2028,11,95,24
60001,Ecom,2028,12,131,24
60001,Ecom,2028,13,107,24
60001,Ecom,2028,14,133,24
60001,Ecom,2028,15,167,24
60001,Ecom,2028,16,153,24
60001,Ecom,2028,17,195,24
60001,Ecom,2028,18,172,24
60001,Ecom,2028,19,233,24
60001,Ecom,2028,20,247,24
60001,Ecom,2028,21,267,24
60001,Ecom,2028,22,196,24
60001,Ecom,2028,23,232,24
60001,Ecom,2028,24,273,24
60001,Ecom,2028,25,241,24
60001,Ecom,2028,26,292,24
60001,Ecom,2028,27,240,24
60001,Ecom,2028,28,282,24
60001,Ecom,2028,29,255,24
60001,Ecom,2028,30,233,24
60001,Ecom,2028,31,200,24
60001,Ecom,2028,32,224,24
60001,Ecom,2028,33,187,24
60001,Ecom,2028,34,179,24
60001,Ecom,2028,35,162,24
60001,Ecom,2028,36,181,24
60001,Ecom,2028,37,131,24
60001,Ecom,2028,38,123,24
60001,Ecom,2028,39,129,24
60001,Ecom,2028,40,131,24
60001,Ecom,2028,41,96,0
60001,Ecom,2028,42,89,0
60001,Ecom,2028,43,85,0
60001,Ecom,2028,44,68,0
60001,Ecom,2028,45,59,0
60001,Ecom,2028,46,43,0
60001,Ecom,2028,47,40,0
60001,Ecom,2028,48,30,0
60001,Ecom,2028,49,30,0
60001,Ecom,2028,50,26,0
60001,Ecom,2028,51,22,0
60001,Ecom,2028,52,14,0
60001,Indirect,2026,25,144,0
60001,Indirect,2026,26,123,0
60001,Indirect,2026,27,155,0
60001,Indirect,2026,28,117,0
60001,Indirect,2026,29,117,48
60001,Indirect,2026,30,110,48
60001,Indirect,2026,31,145,48
60001,Indirect,2026,32,117,48
60001,Indirect,2026,33,127,48
60001,Indirect,2026,34,116,48
60001,Indirect,2026,35,98,48
60001,Indirect,2026,36,87,24
60001,Indirect,2026,37,70,24
60001,Indirect,2026,38,72,24
60001,Indirect,2026,39,69,24
60001,Indirect,2026,40,53,0
60001,Indirect,2026,41,59,0
60001,Indirect,2026,42,44,0
60001,Indirect,2026,43,45,0
60001,Indirect,2026,44,36,0
60001,Indirect,2026,45,27,0
60001,Indirect,2026,46,23,0
60001,Indirect,2026,47,21,0
60001,Indirect,2026,48,16,0
60001,Indirect,2026,49,18,0
60001,Indirect,2026,50,11,0
60001,Indirect,2026,51,11,0
60001,Indirect,2026,52,8,0
60001,Indirect,2027,1,10,0
60001,Indirect,2027,2,13,0
60001,Indirect,2027,3,16,0
60001,Indirect,2027,4,20,0
60001,Indirect,2027,5,22,0
60001,Indirect,2027,6,29,0
60001,Indirect,2027,7,31,0
60001,Indirect,2027,8,42,0
60001,Indirect,2027,9,35,0
60001,Indirect,2027,10,47,0
60001,Indirect,2027,11,54,0
60001,Indirect,2027,12,67,0
60001,Indirect,2027,13,71,0
60001,Indirect,2027,14,65,0
60001,Indirect,2027,15,76,0
60001,Indirect,2027,16,87,0
60001,Indirect,2027,17,93,0
60001,Indirect,2027,18,125,0
60001,Indirect,2027,19,104,0
60001,Indirect,2027,20,120,0
60001,Indirect,2027,21,145,0
60001,Indirect,2027,22,149,24
60001,Indirect,2027,23,155,24
60001,Indirect,2027,24,131,24
60001,Indirect,2027,25,144,24
60001,Indirect,2027,26,123,24
60001,Indirect,2027,27,155,24
60001,Indirect,2027,28,117,24
60001,Indirect,2027,29,117,24
60001,Indirect,2027,30,110,24
60001,Indirect,2027,31,145,24
60001,Indirect,2027,32,117,24
60001,Indirect,2027,33,127,24
60001,Indirect,2027,34,116,24
60001,Indirect,2027,35,98,24
60001,Indirect,2027,36,87,24
60001,Indirect,2027,37,70,24
60001,Indirect,2027,38,72,24
60001,Indirect,2027,39,69,0
60001,Indirect,2027,40,53,0
60001,Indirect,2027,41,59,0
60001,Indirect,2027,42,44,0
60001,Indirect,2027,43,45,0
60001,Indirect,2027,44,36,0
60001,Indirect,2027,45,27,0
60001,Indirect,2027,46,23,0
60001,Indirect,2027,47,21,0
60001,Indirect,2027,48,16,0
60001,Indirect,2027,49,18,0
60001,Indirect,2027,50,11,0
60001,Indirect,2027,51,11,0
60001,Indirect,2027,52,8,0
60001,Indirect,2028,1,10,0
60001,Indirect,2028,2,13,0
60001,Indirect,2028,3,16,0
60001,Indirect,2028,4,20,0
60001,Indirect,2028,5,22,0
60001,Indirect,2028,6,29,0
60001,Indirect,2028,7,31,0
60001,Indirect,2028,8,42,0
60001,Indirect,2028,9,35,0
60001,Indirect,2028,10,47,0
60001,Indirect,2028,11,54,0
60001,Indirect,2028,12,67,0
60001,Indirect,2028,13,71,0
60001,Indirect,2028,14,65,0
60001,Indirect,2028,15,76,0
60001,Indirect,2028,16,87,0
60001,Indirect,2028,17,93,0
60001,Indirect,2028,18,125,0
60001,Indirect,2028,19,104,0
60001,Indirect,2028,20,120,0
60001,Indirect,2028,21,145,0
60001,Indirect,2028,22,149,24
60001,Indirect,2028,23,155,24
60001,Indirect,2028,24,131,24
60001,Indirect,2028,25,144,24
60001,Indirect,2028,26,123,24
60001,Indirect,2028,27,155,24
60001,Indirect,2028,28,117,24
60001,Indirect,2028,29,117,24
60001,Indirect,2028,30,110,24
60001,Indirect,2028,31,145,24
60001,Indirect,2028,32,117,24
60001,Indirect,2028,33,127,24
60001,Indirect,2028,34,116,24
60001,Indirect,2028,35,98,24
60001,Indirect,2028,36,87,24
60001,Indirect,2028,37,70,24
60001,Indirect,2028,38,72,24
60001,Indirect,2028,39,69,0
60001,Indirect,2028,40,53,0
60001,Indirect,2028,41,59,0
60001,Indirect,2028,42,44,0
60001,Indirect,2028,43,45,0
60001,Indirect,2028,44,36,0
60001,Indirect,2028,45,27,0
60001,Indirect,2028,46,23,0
60001,Indirect,2028,47,21,0
60001,Indirect,2028,48,16,0
60001,Indirect,2028,49,18,0
60001,Indirect,2028,50,11,0
60001,Indirect,2028,51,11,0
60001,Indirect,2028,52,8,0
60001,Store,2026,25,65,0
60001,Store,2026,26,70,0
60001,Store,2026,27,68,0
60001,Store,2026,28,72,0
60001,Store,2026,29,61,24
60001,Store,2026,30,62,24
60001,Store,2026,31,73,24
60001,Store,2026,32,53,24
60001,Store,2026,33,65,24
60001,Store,2026,34,45,24
60001,Store,2026,35,50,0
60001,Store,2026,36,44,24
60001,Store,2026,37,35,0
60001,Store,2026,38,39,0
60001,Store,2026,39,37,0
60001,Store,2026,40,33,0
60001,Store,2026,41,24,0
60001,Store,2026,42,24,0
60001,Store,2026,43,17,0
60001,Store,2026,44,21,0
60001,Store,2026,45,13,0
60001,Store,2026,46,14,0
60001,Store,2026,47,12,0
60001,Store,2026,48,11,0
60001,Store,2026,49,8,0
60001,Store,2026,50,7,0
60001,Store,2026,51,5,0
60001,Store,2026,52,5,0
60001,Store,2027,1,5,0
60001,Store,2027,2,6,0
60001,Store,2027,3,7,0
60001,Store,2027,4,10,0
60001,Store,2027,5,10,0
60001,Store,2027,6,15,0
60001,Store,2027,7,13,0
60001,Store,2027,8,21,0
60001,Store,2027,9,17,0
60001,Store,2027,10,27,0
60001,Store,2027,11,31,0
60001,Store,2027,12,29,0
60001,Store,2027,13,36,0
60001,Store,2027,14,38,0
60001,Store,2027,15,47,0
60001,Store,2027,16,46,0
60001,Store,2027,17,50,0
60001,Store,2027,18,50,0
60001,Store,2027,19,66,0
60001,Store,2027,20,59,0
60001,Store,2027,21,65,0
60001,Store,2027,22,54,0
60001,Store,2027,23,65,0
60001,Store,2027,24,61,0
60001,Store,2027,25,65,0
60001,Store,2027,26,70,0
60001,Store,2027,27,68,0
60001,Store,2027,28,72,0
60001,Store,2027,29,61,24
60001,Store,2027,30,62,24
60001,Store,2027,31,73,24
60001,Store,2027,32,53,24
60001,Store,2027,33,65,24
60001,Store,2027,34,45,24
60001,Store,2027,35,50,24
60001,Store,2027,36,44,0
60001,Store,2027,37,35,24
60001,Store,2027,38,39,0
60001,Store,2027,39,37,0
60001,Store,2027,40,33,0
60001,Store,2027,41,24,0
60001,Store,2027,42,24,0
60001,Store,2027,43,17,0
60001,Store,2027,44,21,0
60001,Store,2027,45,13,0
60001,Store,2027,46,14,0
60001,Store,2027,47,12,0
60001,Store,2027,48,11,0
60001,Store,2027,49,8,0
60001,Store,2027,50,7,0
60001,Store,2027,51,5,0
60001,Store,2027,52,5,0
60001,Store,2028,1,5,0
60001,Store,2028,2,6,0
60001,Store,2028,3,7,0
60001,Store,2028,4,10,0
60001,Store,2028,5,10,0
60001,Store,2028,6,15,0
60001,Store,2028,7,13,0
60001,Store,2028,8,21,0
60001,Store,2028,9,17,0
60001,Store,2028,10,27,0
60001,Store,2028,11,31,0
60001,Store,2028,12,29,0
60001,Store,2028,13,36,0
60001,Store,2028,14,38,0
60001,Store,2028,15,47,0
60001,Store,2028,16,46,0
60001,Store,2028,17,50,0
60001,Store,2028,18,50,0
60001,Store,2028,19,66,0
60001,Store,2028,20,59,0
60001,Store,2028,21,65,0
60001,Store,2028,22,54,0
60001,Store,2028,23,65,0
60001,Store,2028,24,61,0
60001,Store,2028,25,65,0
60001,Store,2028,26,70,0
60001,Store,2028,27,68,0
60001,Store,2028,28,72,0
60001,Store,2028,29,61,24
60001,Store,2028,30,62,24
60001,Store,2028,31,73,24
60001,Store,2028,32,53,24
60001,Store,2028,33,65,24
60001,Store,2028,34,45,24
60001,Store,2028,35,50,24
60001,Store,2028,36,44,0
60001,Store,2028,37,35,24
60001,Store,2028,38,39,0
60001,Store,2028,39,37,0
60001,Store,2028,40,33,0
60001,Store,2028,41,24,0
60001,Store,2028,42,24,0
60001,Store,2028,43,17,0
60001,Store,2028,44,21,0
60001,Store,2028,45,13,0
60001,Store,2028,46,14,0
60001,Store,2028,47,12,0
60001,Store,2028,48,11,0
60001,Store,2028,49,8,0
60001,Store,2028,50,7,0
60001,Store,2028,51,5,0
60001,Store,2028,52,5,0
60002,Ecom,2026,25,51,12
60002,Ecom,2026,26,46,54
60002,Ecom,2026,27,51,54
60002,Ecom,2026,28,66,54
60002,Ecom,2026,29,74,54
60002,Ecom,2026,30,69,54
60002,Ecom,2026,31,72,54
60002,Ecom,2026,32,80,54
60002,Ecom,2026,33,89,54
60002,Ecom,2026,34,97,54
60002,Ecom,2026,35,80,48
60002,Ecom,2026,36,97,0
60002,Ecom,2026,37,102,0
60002,Ecom,2026,38,95,0
60002,Ecom,2026,39,75,0
60002,Ecom,2026,40,95,0
60002,Ecom,2026,41,76,0
60002,Ecom,2026,42,70,0
60002,Ecom,2026,43,84,0
60002,Ecom,2026,44,65,0
60002,Ecom,2026,45,83,0
60002,Ecom,2026,46,63,0
60002,Ecom,2026,47,74,0
60002,Ecom,2026,48,58,0
60002,Ecom,2026,49,49,0
60002,Ecom,2026,50,45,0
60002,Ecom,2026,51,47,0
60002,Ecom,2026,52,41,0
60002,Ecom,2027,1,1,12
60002,Ecom,2027,2,1,18
60002,Ecom,2027,3,1,18
60002,Ecom,2027,4,1,18
60002,Ecom,2027,5,1,18
60002,Ecom,2027,6,1,18
60002,Ecom,2027,7,2,18
60002,Ecom,2027,8,2,18
60002,Ecom,2027,9,3,18
60002,Ecom,2027,10,3,18
60002,Ecom,2027,11,4,18
60002,Ecom,2027,12,6,18
60002,Ecom,2027,13,6,18
60002,Ecom,2027,14,8,18
60002,Ecom,2027,15,10,18
60002,Ecom,2027,16,12,18
60002,Ecom,2027,17,16,18
60002,Ecom,2027,18,15,18
60002,Ecom,2027,19,20,18
60002,Ecom,2027,20,26,18
60002,Ecom,2027,21,30,18
60002,Ecom,2027,22,35,18
60002,Ecom,2027,23,38,18
60002,Ecom,2027,24,47,18
60002,Ecom,2027,25,51,18
60002,Ecom,2027,26,46,18
60002,Ecom,2027,27,51,18
60002,Ecom,2027,28,66,18
60002,Ecom,2027,29,74,18
60002,Ecom,2027,30,69,18
60002,Ecom,2027,31,72,18
60002,Ecom,2027,32,80,18
60002,Ecom,2027,33,89,18
60002,Ecom,2027,34,97,18
60002,Ecom,2027,35,80,18
60002,Ecom,2027,36,97,0
60002,Ecom,2027,37,102,0
60002,Ecom,2027,38,95,0
60002,Ecom,2027,39,75,0
60002,Ecom,2027,40,95,0
60002,Ecom,2027,41,76,0
60002,Ecom,2027,42,70,0
60002,Ecom,2027,43,84,0
60002,Ecom,2027,44,65,0
60002,Ecom,2027,45,83,0
60002,Ecom,2027,46,63,0
60002,Ecom,2027,47,74,0
60002,Ecom,2027,48,58,0
60002,Ecom,2027,49,49,0
60002,Ecom,2027,50,45,0
60002,Ecom,2027,51,47,0
60002,Ecom,2027,52,41,0
60002,Ecom,2028,1,1,12
60002,Ecom,2028,2,1,18
60002,Ecom,2028,3,1,18
60002,Ecom,2028,4,1,18
60002,Ecom,2028,5,1,18
60002,Ecom,2028,6,1,18
60002,Ecom,2028,7,2,18
60002,Ecom,2028,8,2,18
60002,Ecom,2028,9,3,18
60002,Ecom,2028,10,3,18
60002,Ecom,2028,11,4,18
60002,Ecom,2028,12,6,18
60002,Ecom,2028,13,6,18
60002,Ecom,2028,14,8,18
60002,Ecom,2028,15,10,18
60002,Ecom,2028,16,12,18
60002,Ecom,2028,17,16,18
60002,Ecom,2028,18,15,18
60002,Ecom,2028,19,20,18
60002,Ecom,2028,20,26,18
60002,Ecom,2028,21,30,18
60002,Ecom,2028,22,35,18
60002,Ecom,2028,23,38,18
60002,Ecom,2028,24,47,18
60002,Ecom,2028,25,51,18
60002,Ecom,2028,26,46,18
60002,Ecom,2028,27,51,18
60002,Ecom,2028,28,66,18
60002,Ecom,2028,29,74,18
60002,Ecom,2028,30,69,18
60002,Ecom,2028,31,72,18
60002,Ecom,2028,32,80,18
60002,Ecom,2028,33,89,18
60002,Ecom,2028,34,97,18
60002,Ecom,2028,35,80,18
60002,Ecom,2028,36,97,0
60002,Ecom,2028,37,102,0
60002,Ecom,2028,38,95,0
60002,Ecom,2028,39,75,0
60002,Ecom,2028,40,95,0
60002,Ecom,2028,41,76,0
60002,Ecom,2028,42,70,0
60002,Ecom,2028,43,84,0
60002,Ecom,2028,44,65,0
60002,Ecom,2028,45,83,0
60002,Ecom,2028,46,63,0
60002,Ecom,2028,47,74,0
60002,Ecom,2028,48,58,0
60002,Ecom,2028,49,49,0
60002,Ecom,2028,50,45,0
60002,Ecom,2028,51,47,0
60002,Ecom,2028,52,41,0
60002,Indirect,2026,25,29,12
60002,Indirect,2026,26,26,30
60002,Indirect,2026,27,31,30
60002,Indirect,2026,28,33,30
60002,Indirect,2026,29,42,30
60002,Indirect,2026,30,33,30
60002,Indirect,2026,31,40,30
60002,Indirect,2026,32,47,30
60002,Indirect,2026,33,48,30
60002,Indirect,2026,34,48,30
60002,Indirect,2026,35,50,24
60002,Indirect,2026,36,54,0
60002,Indirect,2026,37,42,0
60002,Indirect,2026,38,45,0
60002,Indirect,2026,39,50,0
60002,Indirect,2026,40,47,0
60002,Indirect,2026,41,49,0
60002,Indirect,2026,42,39,0
60002,Indirect,2026,43,37,0
60002,Indirect,2026,44,49,0
60002,Indirect,2026,45,38,0
60002,Indirect,2026,46,43,0
60002,Indirect,2026,47,39,0
60002,Indirect,2026,48,34,0
60002,Indirect,2026,49,26,0
60002,Indirect,2026,50,30,0
60002,Indirect,2026,51,22,0
60002,Indirect,2026,52,21,0
60002,Indirect,2027,1,1,0
60002,Indirect,2027,2,1,0
60002,Indirect,2027,3,1,0
60002,Indirect,2027,4,1,0
60002,Indirect,2027,5,1,0
60002,Indirect,2027,6,1,0
60002,Indirect,2027,7,1,6
60002,Indirect,2027,8,1,12
60002,Indirect,2027,9,1,12
60002,Indirect,2027,10,2,12
60002,Indirect,2027,11,2,12
60002,Indirect,2027,12,3,12
60002,Indirect,2027,13,3,12
60002,Indirect,2027,14,5,12
60002,Indirect,2027,15,6,12
60002,Indirect,2027,16,6,12
60002,Indirect,2027,17,7,12
60002,Indirect,2027,18,11,12
60002,Indirect,2027,19,13,12
60002,Indirect,2027,20,14,12
60002,Indirect,2027,21,13,12
60002,Indirect,2027,22,18,12
60002,Indirect,2027,23,22,12
60002,Indirect,2027,24,20,12
60002,Indirect,2027,25,29,12
60002,Indirect,2027,26,26,12
60002,Indirect,2027,27,31,12
60002,Indirect,2027,28,33,12
60002,Indirect,2027,29,42,12
60002,Indirect,2027,30,33,12
60002,Indirect,2027,31,40,12
60002,Indirect,2027,32,47,12
60002,Indirect,2027,33,48,12
60002,Indirect,2027,34,48,12
60002,Indirect,2027,35,50,12
60002,Indirect,2027,36,54,0
60002,Indirect,2027,37,42,0
60002,Indirect,2027,38,45,0
60002,Indirect,2027,39,50,0
60002,Indirect,2027,40,47,0
60002,Indirect,2027,41,49,0
60002,Indirect,2027,42,39,0
60002,Indirect,2027,43,37,0
60002,Indirect,2027,44,49,0
60002,Indirect,2027,45,38,0
60002,Indirect,2027,46,43,0
60002,Indirect,2027,47,39,0
60002,Indirect,2027,48,34,0
60002,Indirect,2027,49,26,0
60002,Indirect,2027,50,30,0
60002,Indirect,2027,51,22,0
60002,Indirect,2027,52,21,0
60002,Indirect,2028,1,1,0
60002,Indirect,2028,2,1,0
60002,Indirect,2028,3,1,0
60002,Indirect,2028,4,1,0
60002,Indirect,2028,5,1,0
60002,Indirect,2028,6,1,0
60002,Indirect,2028,7,1,6
60002,Indirect,2028,8,1,12
60002,Indirect,2028,9,1,12
60002,Indirect,2028,10,2,12
60002,Indirect,2028,11,2,12
60002,Indirect,2028,12,3,12
60002,Indirect,2028,13,3,12
60002,Indirect,2028,14,5,12
60002,Indirect,2028,15,6,12
60002,Indirect,2028,16,6,12
60002,Indirect,2028,17,7,12
60002,Indirect,2028,18,11,12
60002,Indirect,2028,19,13,12
60002,Indirect,2028,20,14,12
60002,Indirect,2028,21,13,12
60002,Indirect,2028,22,18,12
60002,Indirect,2028,23,22,12
60002,Indirect,2028,24,20,12
60002,Indirect,2028,25,29,12
60002,Indirect,2028,26,26,12
60002,Indirect,2028,27,31,12
60002,Indirect,2028,28,33,12
60002,Indirect,2028,29,42,12
60002,Indirect,2028,30,33,12
60002,Indirect,2028,31,40,12
60002,Indirect,2028,32,47,12
60002,Indirect,2028,33,48,12
60002,Indirect,2028,34,48,12
60002,Indirect,2028,35,50,12
60002,Indirect,2028,36,54,0
60002,Indirect,2028,37,42,0
60002,Indirect,2028,38,45,0
60002,Indirect,2028,39,50,0
60002,Indirect,2028,40,47,0
60002,Indirect,2028,41,49,0
60002,Indirect,2028,42,39,0
60002,Indirect,2028,43,37,0
60002,Indirect,2028,44,49,0
60002,Indirect,2028,45,38,0
60002,Indirect,2028,46,43,0
60002,Indirect,2028,47,39,0
60002,Indirect,2028,48,34,0
60002,Indirect,2028,49,26,0
60002,Indirect,2028,50,30,0
60002,Indirect,2028,51,22,0
60002,Indirect,2028,52,21,0
60002,Store,2026,25,11,0
60002,Store,2026,26,12,0
60002,Store,2026,27,14,12
60002,Store,2026,28,15,18
60002,Store,2026,29,19,18
60002,Store,2026,30,17,18
60002,Store,2026,31,23,18
60002,Store,2026,32,18,18
60002,Store,2026,33,19,18
60002,Store,2026,34,23,12
60002,Store,2026,35,23,18
60002,Store,2026,36,25,0
60002,Store,2026,37,27,0
60002,Store,2026,38,23,0
60002,Store,2026,39,25,0
60002,Store,2026,40,28,0
60002,Store,2026,41,28,0
60002,Store,2026,42,20,0
60002,Store,2026,43,19,0
60002,Store,2026,44,21,0
60002,Store,2026,45,20,0
60002,Store,2026,46,17,0
60002,Store,2026,47,20,0
60002,Store,2026,48,16,0
60002,Store,2026,49,16,0
60002,Store,2026,50,12,0
60002,Store,2026,51,14,0
60002,Store,2026,52,12,0
60002,Store,2027,1,1,0
60002,Store,2027,2,1,0
60002,Store,2027,3,1,0
60002,Store,2027,4,1,0
60002,Store,2027,5,1,0
60002,Store,2027,6,1,0
60002,Store,2027,7,1,6
60002,Store,2027,8,1,6
60002,Store,2027,9,1,6
60002,Store,2027,10,1,6
60002,Store,2027,11,1,6
60002,Store,2027,12,1,6
60002,Store,2027,13,2,6
60002,Store,2027,14,2,6
60002,Store,2027,15,3,6
60002,Store,2027,16,3,6
60002,Store,2027,17,5,6
60002,Store,2027,18,5,6
60002,Store,2027,19,5,6
60002,Store,2027,20,7,6
60002,Store,2027,21,6,6
60002,Store,2027,22,9,6
60002,Store,2027,23,8,6
60002,Store,2027,24,10,6
60002,Store,2027,25,11,6
60002,Store,2027,26,12,6
60002,Store,2027,27,14,6
60002,Store,2027,28,15,6
60002,Store,2027,29,19,6
60002,Store,2027,30,17,6
60002,Store,2027,31,23,6
60002,Store,2027,32,18,6
60002,Store,2027,33,19,6
60002,Store,2027,34,23,6
60002,Store,2027,35,23,6
60002,Store,2027,36,25,0
60002,Store,2027,37,27,0
60002,Store,2027,38,23,0
60002,Store,2027,39,25,0
60002,Store,2027,40,28,0
60002,Store,2027,41,28,0
60002,Store,2027,42,20,0
60002,Store,2027,43,19,0
60002,Store,2027,44,21,0
60002,Store,2027,45,20,0
60002,Store,2027,46,17,0
60002,Store,2027,47,20,0
60002,Store,2027,48,16,0
60002,Store,2027,49,16,0
60002,Store,2027,50,12,0
60002,Store,2027,51,14,0
60002,Store,2027,52,12,0
60002,Store,2028,1,1,0
60002,Store,2028,2,1,0
60002,Store,2028,3,1,0
60002,Store,2028,4,1,0
60002,Store,2028,5,1,0
60002,Store,2028,6,1,0
60002,Store,2028,7,1,6
60002,Store,2028,8,1,6
60002,Store,2028,9,1,6
60002,Store,2028,10,1,6
60002,Store,2028,11,1,6
60002,Store,2028,12,1,6
60002,Store,2028,13,2,6
60002,Store,2028,14,2,6
60002,Store,2028,15,3,6
60002,Store,2028,16,3,6
60002,Store,2028,17,5,6
60002,Store,2028,18,5,6
60002,Store,2028,19,5,6
60002,Store,2028,20,7,6
60002,Store,2028,21,6,6
60002,Store,2028,22,9,6
60002,Store,2028,23,8,6
60002,Store,2028,24,10,6
60002,Store,2028,25,11,6
60002,Store,2028,26,12,6
60002,Store,2028,27,14,6
60002,Store,2028,28,15,6
60002,Store,2028,29,19,6
60002,Store,2028,30,17,6
60002,Store,2028,31,23,6
60002,Store,2028,32,18,6
60002,Store,2028,33,19,6
60002,Store,2028,34,23,6
60002,Store,2028,35,23,6
60002,Store,2028,36,25,0
60002,Store,2028,37,27,0
60002,Store,2028,38,23,0
60002,Store,2028,39,25,0
60002,Store,2028,40,28,0
60002,Store,2028,41,28,0
60002,Store,2028,42,20,0
60002,Store,2028,43,19,0
60002,Store,2028,44,21,0
60002,Store,2028,45,20,0
60002,Store,2028,46,17,0
60002,Store,2028,47,20,0
60002,Store,2028,48,16,0
60002,Store,2028,49,16,0
60002,Store,2028,50,12,0
60002,Store,2028,51,14,0
60002,Store,2028,52,12,0
60003,Ecom,2026,25,86,36
60003,Ecom,2026,26,97,72
60003,Ecom,2026,27,118,72
60003,Ecom,2026,28,126,72
60003,Ecom,2026,29,131,72
60003,Ecom,2026,30,106,72
60003,Ecom,2026,31,130,72
60003,Ecom,2026,32,106,72
60003,Ecom,2026,33,140,72
60003,Ecom,2026,34,127,60
60003,Ecom,2026,35,136,72
60003,Ecom,2026,36,151,60
60003,Ecom,2026,37,147,48
60003,Ecom,2026,38,107,0
60003,Ecom,2026,39,127,0
60003,Ecom,2026,40,122,0
60003,Ecom,2026,41,113,0
60003,Ecom,2026,42,95,0
60003,Ecom,2026,43,88,0
60003,Ecom,2026,44,81,0
60003,Ecom,2026,45,93,0
60003,Ecom,2026,46,66,0
60003,Ecom,2026,47,73,0
60003,Ecom,2026,48,54,0
60003,Ecom,2026,49,50,0
60003,Ecom,2026,50,52,0
60003,Ecom,2026,51,38,0
60003,Ecom,2026,52,28,0
60003,Ecom,2027,1,2,0
60003,Ecom,2027,2,2,0
60003,Ecom,2027,3,2,0
60003,Ecom,2027,4,3,0
60003,Ecom,2027,5,4,0
60003,Ecom,2027,6,4,0
60003,Ecom,2027,7,6,0
60003,Ecom,2027,8,7,0
60003,Ecom,2027,9,9,0
60003,Ecom,2027,10,13,0
60003,Ecom,2027,11,16,0
60003,Ecom,2027,12,18,0
60003,Ecom,2027,13,21,12
60003,Ecom,2027,14,27,36
60003,Ecom,2027,15,26,36
60003,Ecom,2027,16,37,36
60003,Ecom,2027,17,33,36
60003,Ecom,2027,18,46,36
60003,Ecom,2027,19,59,36
60003,Ecom,2027,20,68,36
60003,Ecom,2027,21,69,36
60003,Ecom,2027,22,60,36
60003,Ecom,2027,23,83,36
60003,Ecom,2027,24,74,36
60003,Ecom,2027,25,86,36
60003,Ecom,2027,26,97,36
60003,Ecom,2027,27,118,36
60003,Ecom,2027,28,126,36
60003,Ecom,2027,29,131,36
60003,Ecom,2027,30,106,36
60003,Ecom,2027,31,130,36
60003,Ecom,2027,32,106,36
60003,Ecom,2027,33,140,36
60003,Ecom,2027,34,127,36
60003,Ecom,2027,35,136,36
60003,Ecom,2027,36,151,36
60003,Ecom,2027,37,147,36
60003,Ecom,2027,38,107,0
60003,Ecom,2027,39,127,0
60003,Ecom,2027,40,122,0
60003,Ecom,2027,41,113,0
60003,Ecom,2027,42,95,0
60003,Ecom,2027,43,88,0
60003,Ecom,2027,44,81,0
60003,Ecom,2027,45,93,0
60003,Ecom,2027,46,66,0
60003,Ecom,2027,47,73,0
60003,Ecom,2027,48,54,0
60003,Ecom,2027,49,50,0
60003,Ecom,2027,50,52,0
60003,Ecom,2027,51,38,0
60003,Ecom,2027,52,28,0
60003,Ecom,2028,1,2,0
60003,Ecom,2028,2,2,0
60003,Ecom,2028,3,2,0
60003,Ecom,2028,4,3,0
60003,Ecom,2028,5,4,0
60003,Ecom,2028,6,4,0
60003,Ecom,2028,7,6,0
60003,Ecom,2028,8,7,0
60003,Ecom,2028,9,9,0
60003,Ecom,2028,10,13,0
60003,Ecom,2028,11,16,0
60003,Ecom,2028,12,18,0
60003,Ecom,2028,13,21,12
60003,Ecom,2028,14,27,36
60003,Ecom,2028,15,26,36
60003,Ecom,2028,16,37,36
60003,Ecom,2028,17,33,36
60003,Ecom,2028,18,46,36
60003,Ecom,2028,19,59,36
60003,Ecom,2028,20,68,36
60003,Ecom,2028,21,69,36
60003,Ecom,2028,22,60,36
60003,Ecom,2028,23,83,36
60003,Ecom,2028,24,74,36
60003,Ecom,2028,25,86,36
60003,Ecom,2028,26,97,36
60003,Ecom,2028,27,118,36
60003,Ecom,2028,28,126,36
60003,Ecom,2028,29,131,36
60003,Ecom,2028,30,106,36
60003,Ecom,2028,31,130,36
60003,Ecom,2028,32,106,36
60003,Ecom,2028,33,140,36
60003,Ecom,2028,34,127,36
60003,Ecom,2028,35,136,36
60003,Ecom,2028,36,151,36
60003,Ecom,2028,37,147,36
60003,Ecom,2028,38,107,0
60003,Ecom,2028,39,127,0
60003,Ecom,2028,40,122,0
60003,Ecom,2028,41,113,0
60003,Ecom,2028,42,95,0
60003,Ecom,2028,43,88,0
60003,Ecom,2028,44,81,0
60003,Ecom,2028,45,93,0
60003,Ecom,2028,46,66,0
60003,Ecom,2028,47,73,0
60003,Ecom,2028,48,54,0
60003,Ecom,2028,49,50,0
60003,Ecom,2028,50,52,0
60003,Ecom,2028,51,38,0
60003,Ecom,2028,52,28,0
60003,Indirect,2026,25,51,36
60003,Indirect,2026,26,54,36
60003,Indirect,2026,27,48,36
60003,Indirect,2026,28,61,36
60003,Indirect,2026,29,58,36
60003,Indirect,2026,30,57,36
60003,Indirect,2026,31,66,36
60003,Indirect,2026,32,73,36
60003,Indirect,2026,33,81,36
60003,Indirect,2026,34,67,36
60003,Indirect,2026,35,63,36
60003,Indirect,2026,36,69,36
60003,Indirect,2026,37,61,24
60003,Indirect,2026,38,71,0
60003,Indirect,2026,39,62,0
60003,Indirect,2026,40,70,0
60003,Indirect,2026,41,48,0
60003,Indirect,2026,42,50,0
60003,Indirect,2026,43,52,0
60003,Indirect,2026,44,55,0
60003,Indirect,2026,45,46,0
60003,Indirect,2026,46,40,0
60003,Indirect,2026,47,31,0
60003,Indirect,2026,48,35,0
60003,Indirect,2026,49,24,0
60003,Indirect,2026,50,25,0
60003,Indirect,2026,51,23,0
60003,Indirect,2026,52,19,0
60003,Indirect,2027,1,1,0
60003,Indirect,2027,2,1,0
60003,Indirect,2027,3,1,0
60003,Indirect,2027,4,1,0
60003,Indirect,2027,5,2,0
60003,Indirect,2027,6,2,0
60003,Indirect,2027,7,3,0
60003,Indirect,2027,8,4,0
60003,Indirect,2027,9,6,0
60003,Indirect,2027,10,6,0
60003,Indirect,2027,11,7,0
60003,Indirect,2027,12,10,0
60003,Indirect,2027,13,10,0
60003,Indirect,2027,14,13,0
60003,Indirect,2027,15,13,0
60003,Indirect,2027,16,16,0
60003,Indirect,2027,17,22,0
60003,Indirect,2027,18,24,12
60003,Indirect,2027,19,32,24
60003,Indirect,2027,20,30,24
60003,Indirect,2027,21,29,24
60003,Indirect,2027,22,38,24
60003,Indirect,2027,23,37,24
60003,Indirect,2027,24,48,24
60003,Indirect,2027,25,51,24
60003,Indirect,2027,26,54,24
60003,Indirect,2027,27,48,24
60003,Indirect,2027,28,61,24
60003,Indirect,2027,29,58,24
60003,Indirect,2027,30,57,24
60003,Indirect,2027,31,66,24
60003,Indirect,2027,32,73,24
60003,Indirect,2027,33,81,24
60003,Indirect,2027,34,67,24
60003,Indirect,2027,35,63,24
60003,Indirect,2027,36,69,24
60003,Indirect,2027,37,61,24
60003,Indirect,2027,38,71,0
60003,Indirect,2027,39,62,0
60003,Indirect,2027,40,70,0
60003,Indirect,2027,41,48,0
60003,Indirect,2027,42,50,0
60003,Indirect,2027,43,52,0
60003,Indirect,2027,44,55,0
60003,Indirect,2027,45,46,0
60003,Indirect,2027,46,40,0
60003,Indirect,2027,47,31,0
60003,Indirect,2027,48,35,0
60003,Indirect,2027,49,24,0
60003,Indirect,2027,50,25,0
60003,Indirect,2027,51,23,0
60003,Indirect,2027,52,19,0
60003,Indirect,2028,1,1,0
60003,Indirect,2028,2,1,0
60003,Indirect,2028,3,1,0
60003,Indirect,2028,4,1,0
60003,Indirect,2028,5,2,0
60003,Indirect,2028,6,2,0
60003,Indirect,2028,7,3,0
60003,Indirect,2028,8,4,0
60003,Indirect,2028,9,6,0
60003,Indirect,2028,10,6,0
60003,Indirect,2028,11,7,0
60003,Indirect,2028,12,10,0
60003,Indirect,2028,13,10,0
60003,Indirect,2028,14,13,0
60003,Indirect,2028,15,13,0
60003,Indirect,2028,16,16,0
60003,Indirect,2028,17,22,0
60003,Indirect,2028,18,24,12
60003,Indirect,2028,19,32,24
60003,Indirect,2028,20,30,24
60003,Indirect,2028,21,29,24
60003,Indirect,2028,22,38,24
60003,Indirect,2028,23,37,24
60003,Indirect,2028,24,48,24
60003,Indirect,2028,25,51,24
60003,Indirect,2028,26,54,24
60003,Indirect,2028,27,48,24
60003,Indirect,2028,28,61,24
60003,Indirect,2028,29,58,24
60003,Indirect,2028,30,57,24
60003,Indirect,2028,31,66,24
60003,Indirect,2028,32,73,24
60003,Indirect,2028,33,81,24
60003,Indirect,2028,34,67,24
60003,Indirect,2028,35,63,24
60003,Indirect,2028,36,69,24
60003,Indirect,2028,37,61,24
60003,Indirect,2028,38,71,0
60003,Indirect,2028,39,62,0
60003,Indirect,2028,40,70,0
60003,Indirect,2028,41,48,0
60003,Indirect,2028,42,50,0
60003,Indirect,2028,43,52,0
60003,Indirect,2028,44,55,0
60003,Indirect,2028,45,46,0
60003,Indirect,2028,46,40,0
60003,Indirect,2028,47,31,0
60003,Indirect,2028,48,35,0
60003,Indirect,2028,49,24,0
60003,Indirect,2028,50,25,0
60003,Indirect,2028,51,23,0
60003,Indirect,2028,52,19,0
60003,Store,2026,25,28,0
60003,Store,2026,26,32,0
60003,Store,2026,27,34,24
60003,Store,2026,28,28,24
60003,Store,2026,29,32,24
60003,Store,2026,30,37,24
60003,Store,2026,31,34,24
60003,Store,2026,32,35,24
60003,Store,2026,33,35,24
60003,Store,2026,34,40,12
60003,Store,2026,35,34,24
60003,Store,2026,36,40,12
60003,Store,2026,37,38,12
60003,Store,2026,38,36,0
60003,Store,2026,39,36,0
60003,Store,2026,40,28,0
60003,Store,2026,41,28,0
60003,Store,2026,42,26,0
60003,Store,2026,43,26,0
60003,Store,2026,44,23,0
60003,Store,2026,45,23,0
60003,Store,2026,46,19,0
60003,Store,2026,47,18,0
60003,Store,2026,48,15,0
60003,Store,2026,49,13,0
60003,Store,2026,50,14,0
60003,Store,2026,51,11,0
60003,Store,2026,52,9,0
60003,Store,2027,1,1,0
60003,Store,2027,2,1,0
60003,Store,2027,3,1,0
60003,Store,2027,4,1,0
60003,Store,2027,5,1,0
60003,Store,2027,6,1,0
60003,Store,2027,7,2,0
60003,Store,2027,8,2,0
60003,Store,2027,9,2,0
60003,Store,2027,10,4,0
60003,Store,2027,11,4,0
60003,Store,2027,12,5,0
60003,Store,2027,13,5,0
60003,Store,2027,14,7,0
60003,Store,2027,15,8,0
60003,Store,2027,16,11,0
60003,Store,2027,17,10,0
60003,Store,2027,18,14,12
60003,Store,2027,19,14,12
60003,Store,2027,20,13,12
60003,Store,2027,21,18,12
60003,Store,2027,22,21,12
60003,Store,2027,23,19,12
60003,Store,2027,24,25,12
60003,Store,2027,25,28,12
60003,Store,2027,26,32,12
60003,Store,2027,27,34,12
60003,Store,2027,28,28,12
60003,Store,2027,29,32,12
60003,Store,2027,30,37,12
60003,Store,2027,31,34,12
60003,Store,2027,32,35,12
60003,Store,2027,33,35,12
60003,Store,2027,34,40,12
60003,Store,2027,35,34,12
60003,Store,2027,36,40,12
60003,Store,2027,37,38,0
60003,Store,2027,38,36,0
60003,Store,2027,39,36,0
60003,Store,2027,40,28,0
60003,Store,2027,41,28,0
60003,Store,2027,42,26,0
60003,Store,2027,43,26,0
60003,Store,2027,44,23,0
60003,Store,2027,45,23,0
60003,Store,2027,46,19,0
60003,Store,2027,47,18,0
60003,Store,2027,48,15,0
60003,Store,2027,49,13,0
60003,Store,2027,50,14,0
60003,Store,2027,51,11,0
60003,Store,2027,52,9,0
60003,Store,2028,1,1,0
60003,Store,2028,2,1,0
60003,Store,2028,3,1,0
60003,Store,2028,4,1,0
60003,Store,2028,5,1,0
60003,Store,2028,6,1,0
60003,Store,2028,7,2,0
60003,Store,2028,8,2,0
60003,Store,2028,9,2,0
60003,Store,2028,10,4,0
60003,Store,2028,11,4,0
60003,Store,2028,12,5,0
60003,Store,2028,13,5,0
60003,Store,2028,14,7,0
60003,Store,2028,15,8,0
60003,Store,2028,16,11,0
60003,Store,2028,17,10,0
60003,Store,2028,18,14,12
60003,Store,2028,19,14,12
60003,Store,2028,20,13,12
60003,Store,2028,21,18,12
60003,Store,2028,22,21,12
60003,Store,2028,23,19,12
60003,Store,2028,24,25,12
60003,Store,2028,25,28,12
60003,Store,2028,26,32,12
60003,Store,2028,27,34,12
60003,Store,2028,28,28,12
60003,Store,2028,29,32,12
60003,Store,2028,30,37,12
60003,Store,2028,31,34,12
60003,Store,2028,32,35,12
60003,Store,2028,33,35,12
60003,Store,2028,34,40,12
60003,Store,2028,35,34,12
60003,Store,2028,36,40,12
60003,Store,2028,37,38,0
60003,Store,2028,38,36,0
60003,Store,2028,39,36,0
60003,Store,2028,40,28,0
60003,Store,2028,41,28,0
60003,Store,2028,42,26,0
60003,Store,2028,43,26,0
60003,Store,2028,44,23,0
60003,Store,2028,45,23,0
60003,Store,2028,46,19,0
60003,Store,2028,47,18,0
60003,Store,2028,48,15,0
60003,Store,2028,49,13,0
60003,Store,2028,50,14,0
60003,Store,2028,51,11,0
60003,Store,2028,52,9,0
60004,Ecom,2026,25,26,6
60004,Ecom,2026,26,25,72
60004,Ecom,2026,27,35,72
60004,Ecom,2026,28,39,72
60004,Ecom,2026,29,40,72
60004,Ecom,2026,30,41,72
60004,Ecom,2026,31,53,72
60004,Ecom,2026,32,57,72
60004,Ecom,2026,33,65,72
60004,Ecom,2026,34,70,72
60004,Ecom,2026,35,63,72
60004,Ecom,2026,36,66,72
60004,Ecom,2026,37,83,72
60004,Ecom,2026,38,80,0
60004,Ecom,2026,39,99,0
60004,Ecom,2026,40,96,0
60004,Ecom,2026,41,92,0
60004,Ecom,2026,42,89,0
60004,Ecom,2026,43,116,0
60004,Ecom,2026,44,114,0
60004,Ecom,2026,45,97,0
60004,Ecom,2026,46,84,0
60004,Ecom,2026,47,106,0
60004,Ecom,2026,48,107,0
60004,Ecom,2026,49,97,0
60004,Ecom,2026,50,88,0
60004,Ecom,2026,51,96,0
60004,Ecom,2026,52,89,0
60004,Ecom,2027,1,1,0
60004,Ecom,2027,2,1,0
60004,Ecom,2027,3,1,0
60004,Ecom,2027,4,1,6
60004,Ecom,2027,5,1,30
60004,Ecom,2027,6,1,30
60004,Ecom,2027,7,1,30
60004,Ecom,2027,8,1,30
60004,Ecom,2027,9,1,30
60004,Ecom,2027,10,1,30
60004,Ecom,2027,11,1,30
60004,Ecom,2027,12,1,30
60004,Ecom,2027,13,2,30
60004,Ecom,2027,14,2,30
60004,Ecom,2027,15,3,30
60004,Ecom,2027,16,4,30
60004,Ecom,2027,17,6,30
60004,Ecom,2027,18,7,30
60004,Ecom,2027,19,9,30
60004,Ecom,2027,20,8,30
60004,Ecom,2027,21,11,30
60004,Ecom,2027,22,12,30
60004,Ecom,2027,23,15,30
60004,Ecom,2027,24,19,30
60004,Ecom,2027,25,26,30
60004,Ecom,2027,26,25,30
60004,Ecom,2027,27,35,30
60004,Ecom,2027,28,39,30
60004,Ecom,2027,29,40,30
60004,Ecom,2027,30,41,30
60004,Ecom,2027,31,53,30
60004,Ecom,2027,32,57,30
60004,Ecom,2027,33,65,30
60004,Ecom,2027,34,70,30
60004,Ecom,2027,35,63,30
60004,Ecom,2027,36,66,30
60004,Ecom,2027,37,83,30
60004,Ecom,2027,38,80,0
60004,Ecom,2027,39,99,0
60004,Ecom,2027,40,96,0
60004,Ecom,2027,41,92,0
60004,Ecom,2027,42,89,0
60004,Ecom,2027,43,116,0
60004,Ecom,2027,44,114,0
60004,Ecom,2027,45,97,0
60004,Ecom,2027,46,84,0
60004,Ecom,2027,47,106,0
60004,Ecom,2027,48,107,0
60004,Ecom,2027,49,97,0
60004,Ecom,2027,50,88,0
60004,Ecom,2027,51,96,0
60004,Ecom,2027,52,89,0
60004,Ecom,2028,1,1,0
60004,Ecom,2028,2,1,0
60004,Ecom,2028,3,1,0
60004,Ecom,2028,4,1,6
60004,Ecom,2028,5,1,30
60004,Ecom,2028,6,1,30
60004,Ecom,2028,7,1,30
60004,Ecom,2028,8,1,30
60004,Ecom,2028,9,1,30
60004,Ecom,2028,10,1,30
60004,Ecom,2028,11,1,30
60004,Ecom,2028,12,1,30
60004,Ecom,2028,13,2,30
60004,Ecom,2028,14,2,30
60004,Ecom,2028,15,3,30
60004,Ecom,2028,16,4,30
60004,Ecom,2028,17,6,30
60004,Ecom,2028,18,7,30
60004,Ecom,2028,19,9,30
60004,Ecom,2028,20,8,30
60004,Ecom,2028,21,11,30
60004,Ecom,2028,22,12,30
60004,Ecom,2028,23,15,30
60004,Ecom,2028,24,19,30
60004,Ecom,2028,25,26,30
60004,Ecom,2028,26,25,30
60004,Ecom,2028,27,35,30
60004,Ecom,2028,28,39,30
60004,Ecom,2028,29,40,30
60004,Ecom,2028,30,41,30
60004,Ecom,2028,31,53,30
60004,Ecom,2028,32,57,30
60004,Ecom,2028,33,65,30
60004,Ecom,2028,34,70,30
60004,Ecom,2028,35,63,30
60004,Ecom,2028,36,66,30
60004,Ecom,2028,37,83,30
60004,Ecom,2028,38,80,0
60004,Ecom,2028,39,99,0
60004,Ecom,2028,40,96,0
60004,Ecom,2028,41,92,0
60004,Ecom,2028,42,89,0
60004,Ecom,2028,43,116,0
60004,Ecom,2028,44,114,0
60004,Ecom,2028,45,97,0
60004,Ecom,2028,46,84,0
60004,Ecom,2028,47,106,0
60004,Ecom,2028,48,107,0
60004,Ecom,2028,49,97,0
60004,Ecom,2028,50,88,0
60004,Ecom,2028,51,96,0
60004,Ecom,2028,52,89,0
60004,Indirect,2026,25,14,18
60004,Indirect,2026,26,13,36
60004,Indirect,2026,27,16,36
60004,Indirect,2026,28,21,36
60004,Indirect,2026,29,25,36
60004,Indirect,2026,30,20,36
60004,Indirect,2026,31,29,36
60004,Indirect,2026,32,28,36
60004,Indirect,2026,33,38,36
60004,Indirect,2026,34,32,36
60004,Indirect,2026,35,39,36
60004,Indirect,2026,36,36,36
60004,Indirect,2026,37,45,36
60004,Indirect,2026,38,43,0
60004,Indirect,2026,39,46,0
60004,Indirect,2026,40,44,0
60004,Indirect,2026,41,50,0
60004,Indirect,2026,42,51,0
60004,Indirect,2026,43,49,0
60004,Indirect,2026,44,62,0
60004,Indirect,2026,45,48,0
60004,Indirect,2026,46,46,0
60004,Indirect,2026,47,56,0
60004,Indirect,2026,48,52,0
60004,Indirect,2026,49,52,0
60004,Indirect,2026,50,42,0
60004,Indirect,2026,51,51,0
60004,Indirect,2026,52,47,0
60004,Indirect,2027,1,1,0
60004,Indirect,2027,2,1,0
60004,Indirect,2027,3,1,0
60004,Indirect,2027,4,1,0
60004,Indirect,2027,5,1,0
60004,Indirect,2027,6,1,0
60004,Indirect,2027,7,1,0
60004,Indirect,2027,8,1,0
60004,Indirect,2027,9,1,0
60004,Indirect,2027,10,1,18
60004,Indirect,2027,11,1,18
60004,Indirect,2027,12,1,18
60004,Indirect,2027,13,1,18
60004,Indirect,2027,14,2,18
60004,Indirect,2027,15,2,18
60004,Indirect,2027,16,2,18
60004,Indirect,2027,17,3,18
60004,Indirect,2027,18,3,18
60004,Indirect,2027,19,5,18
60004,Indirect,2027,20,5,18
60004,Indirect,2027,21,6,18
60004,Indirect,2027,22,8,18
60004,Indirect,2027,23,8,18
60004,Indirect,2027,24,9,18
60004,Indirect,2027,25,14,18
60004,Indirect,2027,26,13,18
60004,Indirect,2027,27,16,18
60004,Indirect,2027,28,21,18
60004,Indirect,2027,29,25,18
60004,Indirect,2027,30,20,18
60004,Indirect,2027,31,29,18
60004,Indirect,2027,32,28,18
60004,Indirect,2027,33,38,18
60004,Indirect,2027,34,32,18
60004,Indirect,2027,35,39,18
60004,Indirect,2027,36,36,18
60004,Indirect,2027,37,45,18
60004,Indirect,2027,38,43,0
60004,Indirect,2027,39,46,0
60004,Indirect,2027,40,44,0
60004,Indirect,2027,41,50,0
60004,Indirect,2027,42,51,0
60004,Indirect,2027,43,49,0
60004,Indirect,2027,44,62,0
60004,Indirect,2027,45,48,0
60004,Indirect,2027,46,46,0
60004,Indirect,2027,47,56,0
60004,Indirect,2027,48,52,0
60004,Indirect,2027,49,52,0
60004,Indirect,2027,50,42,0
60004,Indirect,2027,51,51,0
60004,Indirect,2027,52,47,0
60004,Indirect,2028,1,1,0
60004,Indirect,2028,2,1,0
60004,Indirect,2028,3,1,0
60004,Indirect,2028,4,1,0
60004,Indirect,2028,5,1,0
60004,Indirect,2028,6,1,0
60004,Indirect,2028,7,1,0
60004,Indirect,2028,8,1,0
60004,Indirect,2028,9,1,0
60004,Indirect,2028,10,1,18
60004,Indirect,2028,11,1,18
60004,Indirect,2028,12,1,18
60004,Indirect,2028,13,1,18
60004,Indirect,2028,14,2,18
60004,Indirect,2028,15,2,18
60004,Indirect,2028,16,2,18
60004,Indirect,2028,17,3,18
60004,Indirect,2028,18,3,18
60004,Indirect,2028,19,5,18
60004,Indirect,2028,20,5,18
60004,Indirect,2028,21,6,18
60004,Indirect,2028,22,8,18
60004,Indirect,2028,23,8,18
60004,Indirect,2028,24,9,18
60004,Indirect,2028,25,14,18
60004,Indirect,2028,26,13,18
60004,Indirect,2028,27,16,18
60004,Indirect,2028,28,21,18
60004,Indirect,2028,29,25,18
60004,Indirect,2028,30,20,18
60004,Indirect,2028,31,29,18
60004,Indirect,2028,32,28,18
60004,Indirect,2028,33,38,18
60004,Indirect,2028,34,32,18
60004,Indirect,2028,35,39,18
60004,Indirect,2028,36,36,18
60004,Indirect,2028,37,45,18
60004,Indirect,2028,38,43,0
60004,Indirect,2028,39,46,0
60004,Indirect,2028,40,44,0
60004,Indirect,2028,41,50,0
60004,Indirect,2028,42,51,0
60004,Indirect,2028,43,49,0
60004,Indirect,2028,44,62,0
60004,Indirect,2028,45,48,0
60004,Indirect,2028,46,46,0
60004,Indirect,2028,47,56,0
60004,Indirect,2028,48,52,0
60004,Indirect,2028,49,52,0
60004,Indirect,2028,50,42,0
60004,Indirect,2028,51,51,0
60004,Indirect,2028,52,47,0
60004,Store,2026,25,5,18
60004,Store,2026,26,7,18
60004,Store,2026,27,9,18
60004,Store,2026,28,9,18
60004,Store,2026,29,12,18
60004,Store,2026,30,12,18
60004,Store,2026,31,15,18
60004,Store,2026,32,15,18
60004,Store,2026,33,17,18
60004,Store,2026,34,21,18
60004,Store,2026,35,18,18
60004,Store,2026,36,22,18
60004,Store,2026,37,20,18
60004,Store,2026,38,27,0
60004,Store,2026,39,23,0
60004,Store,2026,40,21,0
60004,Store,2026,41,22,0
60004,Store,2026,42,30,0
60004,Store,2026,43,24,0
60004,Store,2026,44,25,0
60004,Store,2026,45,25,0
60004,Store,2026,46,26,0
60004,Store,2026,47,26,0
60004,Store,2026,48,26,0
60004,Store,2026,49,27,0
60004,Store,2026,50,28,0
60004,Store,2026,51,24,0
60004,Store,2026,52,24,0
60004,Store,2027,1,1,0
60004,Store,2027,2,1,0
60004,Store,2027,3,1,0
60004,Store,2027,4,1,0
60004,Store,2027,5,1,0
60004,Store,2027,6,1,0
60004,Store,2027,7,1,0
60004,Store,2027,8,1,0
60004,Store,2027,9,1,0
60004,Store,2027,10,1,0
60004,Store,2027,11,1,0
60004,Store,2027,12,1,0
60004,Store,2027,13,1,0
60004,Store,2027,14,1,0
60004,Store,2027,15,1,0
60004,Store,2027,16,1,0
60004,Store,2027,17,1,12
60004,Store,2027,18,2,12
60004,Store,2027,19,2,12
60004,Store,2027,20,2,12
60004,Store,2027,21,3,12
60004,Store,2027,22,4,12
60004,Store,2027,23,5,12
60004,Store,2027,24,6,12
60004,Store,2027,25,5,12
60004,Store,2027,26,7,12
60004,Store,2027,27,9,12
60004,Store,2027,28,9,12
60004,Store,2027,29,12,12
60004,Store,2027,30,12,12
60004,Store,2027,31,15,12
60004,Store,2027,32,15,12
60004,Store,2027,33,17,12
60004,Store,2027,34,21,12
60004,Store,2027,35,18,12
60004,Store,2027,36,22,12
60004,Store,2027,37,20,12
60004,Store,2027,38,27,0
60004,Store,2027,39,23,0
60004,Store,2027,40,21,0
60004,Store,2027,41,22,0
60004,Store,2027,42,30,0
60004,Store,2027,43,24,0
60004,Store,2027,44,25,0
60004,Store,2027,45,25,0
60004,Store,2027,46,26,0
60004,Store,2027,47,26,0
60004,Store,2027,48,26,0
60004,Store,2027,49,27,0
60004,Store,2027,50,28,0
60004,Store,2027,51,24,0
60004,Store,2027,52,24,0
60004,Store,2028,1,1,0
60004,Store,2028,2,1,0
60004,Store,2028,3,1,0
60004,Store,2028,4,1,0
60004,Store,2028,5,1,0
60004,Store,2028,6,1,0
60004,Store,2028,7,1,0
60004,Store,2028,8,1,0
60004,Store,2028,9,1,0
60004,Store,2028,10,1,0
60004,Store,2028,11,1,0
60004,Store,2028,12,1,0
60004,Store,2028,13,1,0
60004,Store,2028,14,1,0
60004,Store,2028,15,1,0
60004,Store,2028,16,1,0
60004,Store,2028,17,1,12
60004,Store,2028,18,2,12
60004,Store,2028,19,2,12
60004,Store,2028,20,2,12
60004,Store,2028,21,3,12
60004,Store,2028,22,4,12
60004,Store,2028,23,5,12
60004,Store,2028,24,6,12
60004,Store,2028,25,5,12
60004,Store,2028,26,7,12
60004,Store,2028,27,9,12
60004,Store,2028,28,9,12
60004,Store,2028,29,12,12
60004,Store,2028,30,12,12
60004,Store,2028,31,15,12
60004,Store,2028,32,15,12
60004,Store,2028,33,17,12
60004,Store,2028,34,21,12
60004,Store,2028,35,18,12
60004,Store,2028,36,22,12
60004,Store,2028,37,20,12
60004,Store,2028,38,27,0
60004,Store,2028,39,23,0
60004,Store,2028,40,21,0
60004,Store,2028,41,22,0
60004,Store,2028,42,30,0
60004,Store,2028,43,24,0
60004,Store,2028,44,25,0
60004,Store,2028,45,25,0
60004,Store,2028,46,26,0
60004,Store,2028,47,26,0
60004,Store,2028,48,26,0
60004,Store,2028,49,27,0
60004,Store,2028,50,28,0
60004,Store,2028,51,24,0
60004,Store,2028,52,24,0
60005,Ecom,2026,25,15,0
60005,Ecom,2026,26,18,12
60005,Ecom,2026,27,24,24
60005,Ecom,2026,28,32,24
60005,Ecom,2026,29,53,12
60005,Ecom,2026,30,55,12
60005,Ecom,2026,31,75,0
60005,Ecom,2026,32,132,0
60005,Ecom,2026,33,71,0
60005,Ecom,2026,34,57,0
60005,Ecom,2026,35,50,0
60005,Ecom,2026,36,30,0
60005,Ecom,2026,37,25,0
60005,Ecom,2026,38,20,0
60005,Ecom,2026,39,16,0
60005,Ecom,2026,40,9,0
60005,Ecom,2026,41,6,0
60005,Ecom,2026,42,6,0
60005,Ecom,2026,43,6,0
60005,Ecom,2026,44,4,0
60005,Ecom,2026,45,4,0
60005,Ecom,2026,46,4,0
60005,Ecom,2026,47,3,0
60005,Ecom,2026,48,2,0
60005,Ecom,2026,49,2,0
60005,Ecom,2026,50,2,0
60005,Ecom,2026,51,3,0
60005,Ecom,2026,52,3,0
60005,Ecom,2027,1,2,0
60005,Ecom,2027,2,2,0
60005,Ecom,2027,3,3,0
60005,Ecom,2027,4,2,0
60005,Ecom,2027,5,2,0
60005,Ecom,2027,6,2,0
60005,Ecom,2027,7,2,0
60005,Ecom,2027,8,3,0
60005,Ecom,2027,9,2,0
60005,Ecom,2027,10,3,0
60005,Ecom,2027,11,3,0
60005,Ecom,2027,12,3,0
60005,Ecom,2027,13,2,0
60005,Ecom,2027,14,3,0
60005,Ecom,2027,15,2,0
60005,Ecom,2027,16,2,0
60005,Ecom,2027,17,3,0
60005,Ecom,2027,18,4,0
60005,Ecom,2027,19,5,0
60005,Ecom,2027,20,4,0
60005,Ecom,2027,21,6,0
60005,Ecom,2027,22,6,0
60005,Ecom,2027,23,7,0
60005,Ecom,2027,24,9,12
60005,Ecom,2027,25,13,12
60005,Ecom,2027,26,19,12
60005,Ecom,2027,27,23,12
60005,Ecom,2027,28,27,12
60005,Ecom,2027,29,50,12
60005,Ecom,2027,30,59,0
60005,Ecom,2027,31,70,12
60005,Ecom,2027,32,126,0
60005,Ecom,2027,33,79,0
60005,Ecom,2027,34,65,0
60005,Ecom,2027,35,51,0
60005,Ecom,2027,36,27,0
60005,Ecom,2027,37,22,0
60005,Ecom,2027,38,21,0
60005,Ecom,2027,39,15,0
60005,Ecom,2027,40,9,0
60005,Ecom,2027,41,7,0
60005,Ecom,2027,42,6,0
60005,Ecom,2027,43,6,0
60005,Ecom,2027,44,5,0
60005,Ecom,2027,45,5,0
60005,Ecom,2027,46,4,0
60005,Ecom,2027,47,3,0
60005,Ecom,2027,48,2,0
60005,Ecom,2027,49,2,0
60005,Ecom,2027,50,2,0
60005,Ecom,2027,51,2,0
60005,Ecom,2027,52,3,0
60005,Ecom,2028,1,3,0
60005,Ecom,2028,2,3,0
60005,Ecom,2028,3,2,0
60005,Ecom,2028,4,3,0
60005,Ecom,2028,5,2,0
60005,Ecom,2028,6,2,0
60005,Ecom,2028,7,2,0
60005,Ecom,2028,8,2,0
60005,Ecom,2028,9,2,0
60005,Ecom,2028,10,3,0
60005,Ecom,2028,11,2,0
60005,Ecom,2028,12,2,0
60005,Ecom,2028,13,2,0
60005,Ecom,2028,14,3,0
60005,Ecom,2028,15,3,0
60005,Ecom,2028,16,2,0
60005,Ecom,2028,17,3,0
60005,Ecom,2028,18,3,0
60005,Ecom,2028,19,4,0
60005,Ecom,2028,20,5,0
60005,Ecom,2028,21,5,0
60005,Ecom,2028,22,6,0
60005,Ecom,2028,23,6,0
60005,Ecom,2028,24,10,0
60005,Ecom,2028,25,14,12
60005,Ecom,2028,26,21,12
60005,Ecom,2028,27,24,12
60005,Ecom,2028,28,29,12
60005,Ecom,2028,29,51,12
60005,Ecom,2028,30,56,12
60005,Ecom,2028,31,70,12
60005,Ecom,2028,32,118,0
60005,Ecom,2028,33,70,0
60005,Ecom,2028,34,61,0
60005,Ecom,2028,35,51,0
60005,Ecom,2028,36,30,0
60005,Ecom,2028,37,26,0
60005,Ecom,2028,38,18,0
60005,Ecom,2028,39,15,0
60005,Ecom,2028,40,10,0
60005,Ecom,2028,41,7,0
60005,Ecom,2028,42,6,0
60005,Ecom,2028,43,5,0
60005,Ecom,2028,44,5,0
60005,Ecom,2028,45,4,0
60005,Ecom,2028,46,4,0
60005,Ecom,2028,47,3,0
60005,Ecom,2028,48,2,0
60005,Ecom,2028,49,2,0
60005,Ecom,2028,50,2,0
60005,Ecom,2028,51,3,0
60005,Ecom,2028,52,2,0
60005,Indirect,2026,25,7,0
60005,Indirect,2026,26,11,12
60005,Indirect,2026,27,14,12
60005,Indirect,2026,28,16,12
60005,Indirect,2026,29,28,0
60005,Indirect,2026,30,34,0
60005,Indirect,2026,31,37,0
60005,Indirect,2026,32,65,0
60005,Indirect,2026,33,42,0
60005,Indirect,2026,34,33,0
60005,Indirect,2026,35,28,0
60005,Indirect,2026,36,15,0
60005,Indirect,2026,37,13,0
60005,Indirect,2026,38,10,0
60005,Indirect,2026,39,8,0
60005,Indirect,2026,40,6,0
60005,Indirect,2026,41,4,0
60005,Indirect,2026,42,3,0
60005,Indirect,2026,43,3,0
60005,Indirect,2026,44,3,0
60005,Indirect,2026,45,2,0
60005,Indirect,2026,46,2,0
60005,Indirect,2026,47,2,0
60005,Indirect,2026,48,1,0
60005,Indirect,2026,49,1,0
60005,Indirect,2026,50,1,0
60005,Indirect,2026,51,1,0
60005,Indirect,2026,52,1,0
60005,Indirect,2027,1,1,0
60005,Indirect,2027,2,1,0
60005,Indirect,2027,3,1,0
60005,Indirect,2027,4,1,0
60005,Indirect,2027,5,1,0
60005,Indirect,2027,6,1,0
60005,Indirect,2027,7,1,0
60005,Indirect,2027,8,1,0
60005,Indirect,2027,9,1,0
60005,Indirect,2027,10,1,0
60005,Indirect,2027,11,1,0
60005,Indirect,2027,12,1,0
60005,Indirect,2027,13,1,0
60005,Indirect,2027,14,1,0
60005,Indirect,2027,15,1,0
60005,Indirect,2027,16,1,0
60005,Indirect,2027,17,2,0
60005,Indirect,2027,18,2,0
60005,Indirect,2027,19,2,0
60005,Indirect,2027,20,3,0
60005,Indirect,2027,21,3,0
60005,Indirect,2027,22,3,0
60005,Indirect,2027,23,3,0
60005,Indirect,2027,24,5,0
60005,Indirect,2027,25,8,0
60005,Indirect,2027,26,11,0
60005,Indirect,2027,27,13,12
60005,Indirect,2027,28,17,12
60005,Indirect,2027,29,25,0
60005,Indirect,2027,30,30,0
60005,Indirect,2027,31,41,0
60005,Indirect,2027,32,64,0
60005,Indirect,2027,33,41,0
60005,Indirect,2027,34,30,0
60005,Indirect,2027,35,28,0
60005,Indirect,2027,36,16,0
60005,Indirect,2027,37,14,0
60005,Indirect,2027,38,10,0
60005,Indirect,2027,39,8,0
60005,Indirect,2027,40,5,0
60005,Indirect,2027,41,3,0
60005,Indirect,2027,42,3,0
60005,Indirect,2027,43,3,0
60005,Indirect,2027,44,3,0
60005,Indirect,2027,45,2,0
60005,Indirect,2027,46,2,0
60005,Indirect,2027,47,1,0
60005,Indirect,2027,48,1,0
60005,Indirect,2027,49,1,0
60005,Indirect,2027,50,1,0
60005,Indirect,2027,51,1,0
60005,Indirect,2027,52,1,0
60005,Indirect,2028,1,1,0
60005,Indirect,2028,2,1,0
60005,Indirect,2028,3,1,0
60005,Indirect,2028,4,1,0
60005,Indirect,2028,5,1,0
60005,Indirect,2028,6,1,0
60005,Indirect,2028,7,1,0
60005,Indirect,2028,8,1,0
60005,Indirect,2028,9,1,0
60005,Indirect,2028,10,1,0
60005,Indirect,2028,11,1,0
60005,Indirect,2028,12,1,0
60005,Indirect,2028,13,1,0
60005,Indirect,2028,14,1,0
60005,Indirect,2028,15,1,0
60005,Indirect,2028,16,1,0
60005,Indirect,2028,17,2,0
60005,Indirect,2028,18,2,0
60005,Indirect,2028,19,2,0
60005,Indirect,2028,20,3,0
60005,Indirect,2028,21,3,0
60005,Indirect,2028,22,3,0
60005,Indirect,2028,23,3,0
60005,Indirect,2028,24,5,0
60005,Indirect,2028,25,8,0
60005,Indirect,2028,26,11,0
60005,Indirect,2028,27,13,12
60005,Indirect,2028,28,15,12
60005,Indirect,2028,29,28,0
60005,Indirect,2028,30,35,0
60005,Indirect,2028,31,41,0
60005,Indirect,2028,32,67,0
60005,Indirect,2028,33,43,0
60005,Indirect,2028,34,35,0
60005,Indirect,2028,35,25,0
60005,Indirect,2028,36,16,0
60005,Indirect,2028,37,13,0
60005,Indirect,2028,38,11,0
60005,Indirect,2028,39,8,0
60005,Indirect,2028,40,6,0
60005,Indirect,2028,41,3,0
60005,Indirect,2028,42,3,0
60005,Indirect,2028,43,3,0
60005,Indirect,2028,44,3,0
60005,Indirect,2028,45,3,0
60005,Indirect,2028,46,2,0
60005,Indirect,2028,47,2,0
60005,Indirect,2028,48,1,0
60005,Indirect,2028,49,1,0
60005,Indirect,2028,50,1,0
60005,Indirect,2028,51,1,0
60005,Indirect,2028,52,1,0
60005,Store,2026,25,4,0
60005,Store,2026,26,5,0
60005,Store,2026,27,6,0
60005,Store,2026,28,8,0
60005,Store,2026,29,14,0
60005,Store,2026,30,17,0
60005,Store,2026,31,20,0
60005,Store,2026,32,35,0
60005,Store,2026,33,18,0
60005,Store,2026,34,15,0
60005,Store,2026,35,13,0
60005,Store,2026,36,8,0
60005,Store,2026,37,6,0
60005,Store,2026,38,6,0
60005,Store,2026,39,4,0
60005,Store,2026,40,3,0
60005,Store,2026,41,2,0
60005,Store,2026,42,2,0
60005,Store,2026,43,2,0
60005,Store,2026,44,1,0
60005,Store,2026,45,1,0
60005,Store,2026,46,1,0
60005,Store,2026,47,1,0
60005,Store,2026,48,1,0
60005,Store,2026,49,1,0
60005,Store,2026,50,1,0
60005,Store,2026,51,1,0
60005,Store,2026,52,1,0
60005,Store,2027,1,1,0
60005,Store,2027,2,1,0
60005,Store,2027,3,1,0
60005,Store,2027,4,1,0
60005,Store,2027,5,1,0
60005,Store,2027,6,1,0
60005,Store,2027,7,1,0
60005,Store,2027,8,1,0
60005,Store,2027,9,1,0
60005,Store,2027,10,1,0
60005,Store,2027,11,1,0
60005,Store,2027,12,1,0
60005,Store,2027,13,1,0
60005,Store,2027,14,1,0
60005,Store,2027,15,1,0
60005,Store,2027,16,1,0
60005,Store,2027,17,1,0
60005,Store,2027,18,1,0
60005,Store,2027,19,1,0
60005,Store,2027,20,1,0
60005,Store,2027,21,2,0
60005,Store,2027,22,2,0
60005,Store,2027,23,2,0
60005,Store,2027,24,3,0
60005,Store,2027,25,4,0
60005,Store,2027,26,5,0
60005,Store,2027,27,7,0
60005,Store,2027,28,8,0
60005,Store,2027,29,14,0
60005,Store,2027,30,17,0
60005,Store,2027,31,19,0
60005,Store,2027,32,36,0
60005,Store,2027,33,22,0
60005,Store,2027,34,16,0
60005,Store,2027,35,14,0
60005,Store,2027,36,8,0
60005,Store,2027,37,6,0
60005,Store,2027,38,6,0
60005,Store,2027,39,4,0
60005,Store,2027,40,3,0
60005,Store,2027,41,2,0
60005,Store,2027,42,2,0
60005,Store,2027,43,2,0
60005,Store,2027,44,1,0
60005,Store,2027,45,1,0
60005,Store,2027,46,1,0
60005,Store,2027,47,1,0
60005,Store,2027,48,1,0
60005,Store,2027,49,1,0
60005,Store,2027,50,1,0
60005,Store,2027,51,1,0
60005,Store,2027,52,1,0
60005,Store,2028,1,1,0
60005,Store,2028,2,1,0
60005,Store,2028,3,1,0
60005,Store,2028,4,1,0
60005,Store,2028,5,1,0
60005,Store,2028,6,1,0
60005,Store,2028,7,1,0
60005,Store,2028,8,1,0
60005,Store,2028,9,1,0
60005,Store,2028,10,1,0
60005,Store,2028,11,1,0
60005,Store,2028,12,1,0
60005,Store,2028,13,1,0
60005,Store,2028,14,1,0
60005,Store,2028,15,1,0
60005,Store,2028,16,1,0
60005,Store,2028,17,1,0
60005,Store,2028,18,1,0
60005,Store,2028,19,1,0
60005,Store,2028,20,1,0
60005,Store,2028,21,1,0
60005,Store,2028,22,2,0
60005,Store,2028,23,2,0
60005,Store,2028,24,3,0
60005,Store,2028,25,4,0
60005,Store,2028,26,5,0
60005,Store,2028,27,7,0
60005,Store,2028,28,8,0
60005,Store,2028,29,13,0
60005,Store,2028,30,15,0
60005,Store,2028,31,18,0
60005,Store,2028,32,35,0
60005,Store,2028,33,20,0
60005,Store,2028,34,16,0
60005,Store,2028,35,12,0
60005,Store,2028,36,8,0
60005,Store,2028,37,6,0
60005,Store,2028,38,5,0
60005,Store,2028,39,4,0
60005,Store,2028,40,3,0
60005,Store,2028,41,2,0
60005,Store,2028,42,2,0
60005,Store,2028,43,1,0
60005,Store,2028,44,1,0
60005,Store,2028,45,1,0
60005,Store,2028,46,1,0
60005,Store,2028,47,1,0
60005,Store,2028,48,1,0
60005,Store,2028,49,1,0
60005,Store,2028,50,1,0
60005,Store,2028,51,1,0
60005,Store,2028,52,1,0
60006,Ecom,2026,25,2,12
60006,Ecom,2026,26,2,30
60006,Ecom,2026,27,2,30
60006,Ecom,2026,28,2,30
60006,Ecom,2026,29,2,30
60006,Ecom,2026,30,2,30
60006,Ecom,2026,31,2,30
60006,Ecom,2026,32,3,30
60006,Ecom,2026,33,3,30
60006,Ecom,2026,34,4,30
60006,Ecom,2026,35,4,30
60006,Ecom,2026,36,4,30
60006,Ecom,2026,37,5,30
60006,Ecom,2026,38,6,0
60006,Ecom,2026,39,11,0
60006,Ecom,2026,40,14,0
60006,Ecom,2026,41,17,0
60006,Ecom,2026,42,22,0
60006,Ecom,2026,43,33,0
60006,Ecom,2026,44,41,0
60006,Ecom,2026,45,53,0
60006,Ecom,2026,46,93,0
60006,Ecom,2026,47,49,0
60006,Ecom,2026,48,43,0
60006,Ecom,2026,49,38,0
60006,Ecom,2026,50,21,0
60006,Ecom,2026,51,17,0
60006,Ecom,2026,52,14,0
60006,Ecom,2027,1,2,0
60006,Ecom,2027,2,2,0
60006,Ecom,2027,3,2,0
60006,Ecom,2027,4,2,0
60006,Ecom,2027,5,2,12
60006,Ecom,2027,6,2,12
60006,Ecom,2027,7,2,12
60006,Ecom,2027,8,2,12
60006,Ecom,2027,9,2,12
60006,Ecom,2027,10,2,12
60006,Ecom,2027,11,2,12
60006,Ecom,2027,12,2,12
60006,Ecom,2027,13,2,12
60006,Ecom,2027,14,2,12
60006,Ecom,2027,15,2,12
60006,Ecom,2027,16,2,12
60006,Ecom,2027,17,2,12
60006,Ecom,2027,18,2,12
60006,Ecom,2027,19,2,12
60006,Ecom,2027,20,2,12
60006,Ecom,2027,21,2,12
60006,Ecom,2027,22,2,12
60006,Ecom,2027,23,2,12
60006,Ecom,2027,24,2,12
60006,Ecom,2027,25,2,12
60006,Ecom,2027,26,2,12
60006,Ecom,2027,27,2,12
60006,Ecom,2027,28,2,12
60006,Ecom,2027,29,2,12
60006,Ecom,2027,30,2,12
60006,Ecom,2027,31,2,12
60006,Ecom,2027,32,3,12
60006,Ecom,2027,33,3,12
60006,Ecom,2027,34,4,12
60006,Ecom,2027,35,4,12
60006,Ecom,2027,36,5,12
60006,Ecom,2027,37,5,12
60006,Ecom,2027,38,7,0
60006,Ecom,2027,39,10,0
60006,Ecom,2027,40,13,0
60006,Ecom,2027,41,19,0
60006,Ecom,2027,42,19,0
60006,Ecom,2027,43,35,0
60006,Ecom,2027,44,48,0
60006,Ecom,2027,45,50,0
60006,Ecom,2027,46,90,0
60006,Ecom,2027,47,57,0
60006,Ecom,2027,48,42,0
60006,Ecom,2027,49,34,0
60006,Ecom,2027,50,22,0
60006,Ecom,2027,51,18,0
60006,Ecom,2027,52,15,0
60006,Ecom,2028,1,2,0
60006,Ecom,2028,2,2,0
60006,Ecom,2028,3,2,0
60006,Ecom,2028,4,2,0
60006,Ecom,2028,5,2,6
60006,Ecom,2028,6,2,12
60006,Ecom,2028,7,2,12
60006,Ecom,2028,8,2,12
60006,Ecom,2028,9,2,12
60006,Ecom,2028,10,2,12
60006,Ecom,2028,11,2,12
60006,Ecom,2028,12,2,12
60006,Ecom,2028,13,2,12
60006,Ecom,2028,14,2,12
60006,Ecom,2028,15,2,12
60006,Ecom,2028,16,2,12
60006,Ecom,2028,17,2,12
60006,Ecom,2028,18,2,12
60006,Ecom,2028,19,2,12
60006,Ecom,2028,20,2,12
60006,Ecom,2028,21,2,12
60006,Ecom,2028,22,2,12
60006,Ecom,2028,23,2,12
60006,Ecom,2028,24,2,12
60006,Ecom,2028,25,2,12
60006,Ecom,2028,26,2,12
60006,Ecom,2028,27,2,12
60006,Ecom,2028,28,2,12
60006,Ecom,2028,29,2,12
60006,Ecom,2028,30,2,12
60006,Ecom,2028,31,2,12
60006,Ecom,2028,32,3,12
60006,Ecom,2028,33,3,12
60006,Ecom,2028,34,3,12
60006,Ecom,2028,35,4,12
60006,Ecom,2028,36,4,12
60006,Ecom,2028,37,5,12
60006,Ecom,2028,38,7,0
60006,Ecom,2028,39,10,0
60006,Ecom,2028,40,15,0
60006,Ecom,2028,41,18,0
60006,Ecom,2028,42,22,0
60006,Ecom,2028,43,36,0
60006,Ecom,2028,44,48,0
60006,Ecom,2028,45,48,0
60006,Ecom,2028,46,84,0
60006,Ecom,2028,47,48,0
60006,Ecom,2028,48,48,0
60006,Ecom,2028,49,35,0
60006,Ecom,2028,50,21,0
60006,Ecom,2028,51,18,0
60006,Ecom,2028,52,15,0
60006,Indirect,2026,25,1,0
60006,Indirect,2026,26,1,12
60006,Indirect,2026,27,1,18
60006,Indirect,2026,28,1,18
60006,Indirect,2026,29,1,18
60006,Indirect,2026,30,1,18
60006,Indirect,2026,31,1,18
60006,Indirect,2026,32,1,18
60006,Indirect,2026,33,2,18
60006,Indirect,2026,34,2,18
60006,Indirect,2026,35,2,18
60006,Indirect,2026,36,2,18
60006,Indirect,2026,37,3,18
60006,Indirect,2026,38,4,0
60006,Indirect,2026,39,6,0
60006,Indirect,2026,40,8,0
60006,Indirect,2026,41,10,0
60006,Indirect,2026,42,12,0
60006,Indirect,2026,43,20,0
60006,Indirect,2026,44,24,0
60006,Indirect,2026,45,30,0
60006,Indirect,2026,46,45,0
60006,Indirect,2026,47,32,0
60006,Indirect,2026,48,24,0
60006,Indirect,2026,49,21,0
60006,Indirect,2026,50,11,0
60006,Indirect,2026,51,10,0
60006,Indirect,2026,52,7,0
60006,Indirect,2027,1,1,0
60006,Indirect,2027,2,1,0
60006,Indirect,2027,3,1,6
60006,Indirect,2027,4,1,6
60006,Indirect,2027,5,1,6
60006,Indirect,2027,6,1,6
60006,Indirect,2027,7,1,6
60006,Indirect,2027,8,1,6
60006,Indirect,2027,9,1,6
60006,Indirect,2027,10,1,6
60006,Indirect,2027,11,1,6
60006,Indirect,2027,12,1,6
60006,Indirect,2027,13,1,6
60006,Indirect,2027,14,1,6
60006,Indirect,2027,15,1,6
60006,Indirect,2027,16,1,6
60006,Indirect,2027,17,1,6
60006,Indirect,2027,18,1,6
60006,Indirect,2027,19,1,6
60006,Indirect,2027,20,1,6
60006,Indirect,2027,21,1,6
60006,Indirect,2027,22,1,6
60006,Indirect,2027,23,1,6
60006,Indirect,2027,24,1,6
60006,Indirect,2027,25,1,6
60006,Indirect,2027,26,1,6
60006,Indirect,2027,27,1,6
60006,Indirect,2027,28,1,6
60006,Indirect,2027,29,1,6
60006,Indirect,2027,30,1,6
60006,Indirect,2027,31,1,6
60006,Indirect,2027,32,1,6
60006,Indirect,2027,33,2,6
60006,Indirect,2027,34,2,6
60006,Indirect,2027,35,2,6
60006,Indirect,2027,36,2,6
60006,Indirect,2027,37,3,6
60006,Indirect,2027,38,4,0
60006,Indirect,2027,39,6,0
60006,Indirect,2027,40,7,0
60006,Indirect,2027,41,10,0
60006,Indirect,2027,42,11,0
60006,Indirect,2027,43,18,0
60006,Indirect,2027,44,24,0
60006,Indirect,2027,45,27,0
60006,Indirect,2027,46,49,0
60006,Indirect,2027,47,29,0
60006,Indirect,2027,48,23,0
60006,Indirect,2027,49,18,0
60006,Indirect,2027,50,11,0
60006,Indirect,2027,51,10,0
60006,Indirect,2027,52,8,0
60006,Indirect,2028,1,1,6
60006,Indirect,2028,2,1,6
60006,Indirect,2028,3,1,6
60006,Indirect,2028,4,1,6
60006,Indirect,2028,5,1,6
60006,Indirect,2028,6,1,6
60006,Indirect,2028,7,1,6
60006,Indirect,2028,8,1,6
60006,Indirect,2028,9,1,6
60006,Indirect,2028,10,1,6
60006,Indirect,2028,11,1,6
60006,Indirect,2028,12,1,6
60006,Indirect,2028,13,1,6
60006,Indirect,2028,14,1,6
60006,Indirect,2028,15,1,6
60006,Indirect,2028,16,1,6
60006,Indirect,2028,17,1,6
60006,Indirect,2028,18,1,6
60006,Indirect,2028,19,1,6
60006,Indirect,2028,20,1,6
60006,Indirect,2028,21,1,6
60006,Indirect,2028,22,1,6
60006,Indirect,2028,23,1,6
60006,Indirect,2028,24,1,6
60006,Indirect,2028,25,1,6
60006,Indirect,2028,26,1,6
60006,Indirect,2028,27,1,6
60006,Indirect,2028,28,1,6
60006,Indirect,2028,29,1,6
60006,Indirect,2028,30,1,6
60006,Indirect,2028,31,1,6
60006,Indirect,2028,32,1,6
60006,Indirect,2028,33,2,6
60006,Indirect,2028,34,2,6
60006,Indirect,2028,35,2,6
60006,Indirect,2028,36,2,6
60006,Indirect,2028,37,3,6
60006,Indirect,2028,38,4,0
60006,Indirect,2028,39,5,0
60006,Indirect,2028,40,7,0
60006,Indirect,2028,41,9,0
60006,Indirect,2028,42,12,0
60006,Indirect,2028,43,19,0
60006,Indirect,2028,44,26,0
60006,Indirect,2028,45,26,0
60006,Indirect,2028,46,53,0
60006,Indirect,2028,47,31,0
60006,Indirect,2028,48,22,0
60006,Indirect,2028,49,21,0
60006,Indirect,2028,50,12,0
60006,Indirect,2028,51,10,0
60006,Indirect,2028,52,7,0
60006,Store,2026,25,0,0
60006,Store,2026,26,1,0
60006,Store,2026,27,0,0
60006,Store,2026,28,0,0
60006,Store,2026,29,0,6
60006,Store,2026,30,0,12
60006,Store,2026,31,1,12
60006,Store,2026,32,1,12
60006,Store,2026,33,1,12
60006,Store,2026,34,1,12
60006,Store,2026,35,1,12
60006,Store,2026,36,1,12
60006,Store,2026,37,1,0
60006,Store,2026,38,2,0
60006,Store,2026,39,3,0
60006,Store,2026,40,4,0
60006,Store,2026,41,5,0
60006,Store,2026,42,6,0
60006,Store,2026,43,9,0
60006,Store,2026,44,13,0
60006,Store,2026,45,14,0
60006,Store,2026,46,22,0
60006,Store,2026,47,15,0
60006,Store,2026,48,13,0
60006,Store,2026,49,10,0
60006,Store,2026,50,6,0
60006,Store,2026,51,4,0
60006,Store,2026,52,4,0
60006,Store,2027,1,0,0
60006,Store,2027,2,0,0
60006,Store,2027,3,1,0
60006,Store,2027,4,1,0
60006,Store,2027,5,0,0
60006,Store,2027,6,1,0
60006,Store,2027,7,0,0
60006,Store,2027,8,0,0
60006,Store,2027,9,1,0
60006,Store,2027,10,1,0
60006,Store,2027,11,0,0
60006,Store,2027,12,0,0
60006,Store,2027,13,1,0
60006,Store,2027,14,0,0
60006,Store,2027,15,1,0
60006,Store,2027,16,0,0
60006,Store,2027,17,0,0
60006,Store,2027,18,1,0
60006,Store,2027,19,0,0
60006,Store,2027,20,0,0
60006,Store,2027,21,1,6
60006,Store,2027,22,0,6
60006,Store,2027,23,0,6
60006,Store,2027,24,0,6
60006,Store,2027,25,0,6
60006,Store,2027,26,0,6
60006,Store,2027,27,1,6
60006,Store,2027,28,0,6
60006,Store,2027,29,1,6
60006,Store,2027,30,0,6
60006,Store,2027,31,1,6
60006,Store,2027,32,1,6
60006,Store,2027,33,1,6
60006,Store,2027,34,1,6
60006,Store,2027,35,1,6
60006,Store,2027,36,1,6
60006,Store,2027,37,1,0
60006,Store,2027,38,2,0
60006,Store,2027,39,3,0
60006,Store,2027,40,4,0
60006,Store,2027,41,5,0
60006,Store,2027,42,6,0
60006,Store,2027,43,10,0
60006,Store,2027,44,12,0
60006,Store,2027,45,15,0
60006,Store,2027,46,24,0
60006,Store,2027,47,14,0
60006,Store,2027,48,13,0
60006,Store,2027,49,9,0
60006,Store,2027,50,6,0
60006,Store,2027,51,5,0
60006,Store,2027,52,3,0
60006,Store,2028,1,0,0
60006,Store,2028,2,0,0
60006,Store,2028,3,0,0
60006,Store,2028,4,0,0
60006,Store,2028,5,1,0
60006,Store,2028,6,0,0
60006,Store,2028,7,0,0
60006,Store,2028,8,0,0
60006,Store,2028,9,0,0
60006,Store,2028,10,0,0
60006,Store,2028,11,0,0
60006,Store,2028,12,0,0
60006,Store,2028,13,0,0
60006,Store,2028,14,0,0
60006,Store,2028,15,0,0
60006,Store,2028,16,0,0
60006,Store,2028,17,1,0
60006,Store,2028,18,0,0
60006,Store,2028,19,0,0
60006,Store,2028,20,0,0
60006,Store,2028,21,0,6
60006,Store,2028,22,1,6
60006,Store,2028,23,0,6
60006,Store,2028,24,0,6
60006,Store,2028,25,0,6
60006,Store,2028,26,1,6
60006,Store,2028,27,0,6
60006,Store,2028,28,0,6
60006,Store,2028,29,1,6
60006,Store,2028,30,0,6
60006,Store,2028,31,1,6
60006,Store,2028,32,1,6
60006,Store,2028,33,1,6
60006,Store,2028,34,1,6
60006,Store,2028,35,1,6
60006,Store,2028,36,1,6
60006,Store,2028,37,1,0
60006,Store,2028,38,2,0
60006,Store,2028,39,3,0
60006,Store,2028,40,4,0
60006,Store,2028,41,5,0
60006,Store,2028,42,6,0
60006,Store,2028,43,9,0
60006,Store,2028,44,12,0
60006,Store,2028,45,14,0
60006,Store,2028,46,23,0
60006,Store,2028,47,15,0
60006,Store,2028,48,12,0
60006,Store,2028,49,11,0
60006,Store,2028,50,6,0
60006,Store,2028,51,5,0
60006,Store,2028,52,4,0
